Популярные страницы,Kлики,Показы,CTR,Позиция
https://twocomms.shop/,43,128,33.59%,3.91
https://twocomms.shop/product/-225-tshirt-/,26,102,25.49%,3.59
https://twocomms.shop/product/kha-edition-ts/,14,81,17.28%,7.78
https://twocomms.shop/product/-225-hoodie-/,8,58,13.79%,3.83
https://twocomms.shop/product/-v2-0_Pokrovsk/,6,37,16.22%,3.92
https://twocomms.shop/product/bentejne-hd/,4,274,1.46%,7.6
https://twocomms.shop/product/kha-edition-hd/,4,88,4.55%,13.23
https://twocomms.shop/catalog/hoodie/,4,86,4.65%,4.23
https://twocomms.shop/catalog/tshirts/,3,74,4.05%,2.74
https://twocomms.shop/product/dvoznachni-summy-hd/,2,36,5.56%,5.67
https://twocomms.shop/product/kharkiv-district-hd/,2,27,7.41%,5.15
https://twocomms.shop/product/-glory-of-ukraine-hd/,1,121,0.83%,25.17
https://twocomms.shop/product/bentejne-ls/,1,68,1.47%,15.44
https://twocomms.shop/product/-20-twocomms-Legend/,1,38,2.63%,5.74
https://twocomms.shop/product/hool-ts/,1,23,4.35%,6.74
https://twocomms.shop/product/dvoznachni-summy/,1,11,9.09%,5.91
https://twocomms.shop/product/longsleeve-classic/,0,427,0%,51.26
https://twocomms.shop/product/Idea-hd/,0,72,0%,3.72
https://twocomms.shop/product/-kha-style-ls/,0,45,0%,4.04
https://twocomms.shop/product/-death-gbs-ass-hd/,0,39,0%,5.59
https://twocomms.shop/product/hoodie-classic/,0,33,0%,32.58
https://twocomms.shop/product/where-mi-present-hd/,0,23,0%,10.17
https://twocomms.shop/product/longsleeve-limited-edition/,0,15,0%,13.93
https://twocomms.shop/product/-my-little-baby-hd/,0,14,0%,7.07
https://twocomms.shop/product/-red-leaves-hd/,0,12,0%,7.5
https://twocomms.shop/product/kha-edition-ls/,0,10,0%,4.7
https://twocomms.shop/product/Hoodie_Silent_Winter/,0,9,0%,5.78
https://twocomms.shop/?page=5,0,6,0%,11
https://twocomms.shop/product/kharkiv-district-ls/,0,5,0%,3.2
https://twocomms.shop/product/pojuy-hd/,0,5,0%,4.2
https://twocomms.shop/product/pojuy-ls/,0,5,0%,8.2
https://twocomms.shop/?page=4,0,4,0%,4
https://twocomms.shop/product/-death-grabs-ass/,0,4,0%,11.5
https://twocomms.shop/product/buisness-money/,0,3,0%,3.33
https://twocomms.shop/product/pokrovsk-girl/,0,3,0%,12
https://twocomms.shop/product/-kha-style-ts/,0,2,0%,9
https://twocomms.shop/product/-lord-of-the-lending-hd/,0,1,0%,1
https://twocomms.shop/product/buisness-money-ls/,0,1,0%,2
https://twocomms.shop/product/in-shee-ls/,0,1,0%,5
https://twocomms.shop/product/buisness-money-hd/,0,1,0%,6
https://twocomms.shop/product/-last-breath-hd/,0,1,0%,7
https://twocomms.shop/product/-death-grabs-ass-ls/,0,1,0%,10
https://twocomms.shop/product/-red-leaves-ls/,0,1,0%,10
https://twocomms.shop/product/HD-twocomms-reality-bends-future-2026/,0,1,0%,10